{"cameraMode":{"drawMode":0,"name":"Shaded","section":"Shading Mode"},"sceneLighting":false,"audioPlay":false,"sceneViewState":{"m_AlwaysRefresh":false,"showFog":true,"showSkybox":false,"showFlares":true,"showImageEffects":true,"showParticleSystems":true,"showVisualEffectGraphs":true,"m_FxEnabled":true},"in2DMode":false,"pivot":{"x":-62.393524169921878,"y":139.98904418945313,"z":0.3301849365234375},"rotation":{"x":0.00718853622674942,"y":0.021595358848571779,"z":0.0001554242189740762,"w":-0.9997414350509644},"size":292.2027893066406,"orthographic":true}