{"cameraMode":{"drawMode":0,"name":"Shaded","section":"Shading Mode"},"sceneLighting":false,"audioPlay":false,"sceneViewState":{"m_AlwaysRefresh":false,"showFog":true,"showSkybox":false,"showFlares":true,"showImageEffects":true,"showParticleSystems":true,"showVisualEffectGraphs":true,"m_FxEnabled":true},"in2DMode":false,"pivot":{"x":33.68941116333008,"y":-111.15789794921875,"z":1.442108154296875},"rotation":{"x":0.00718853622674942,"y":0.021595358848571779,"z":0.0001554242189740762,"w":-0.9997414350509644},"size":114.7530517578125,"orthographic":true}